lokasi,lat,lon,day,DAT,variable,value,satuan,ketidakpastian,metode,sumber
Subang,-6.624,107.746,2016-05-08,7,TAGP,112.0,kg/ha,1105.586,digitasi piksel,"Agustiani et al. 2018, Eur. J. Agron. 101:10-19, doi:10.1016/j.eja.2018.08.002 (Fig. 3 digitasi piksel: kalibrasi tick sumbu-y, klasifikasi bentuk marker; Tabel 2; teks 2.2.1)"
Subang,-6.624,107.746,2016-07-07,67,TAGP,7373.0,kg/ha,1105.586,digitasi piksel,"Agustiani et al. 2018, Eur. J. Agron. 101:10-19, doi:10.1016/j.eja.2018.08.002 (Fig. 3 digitasi piksel: kalibrasi tick sumbu-y, klasifikasi bentuk marker; Tabel 2; teks 2.2.1)"
Subang,-6.624,107.746,2016-08-21,112,TAGP,17118.0,kg/ha,1105.586,digitasi piksel,"Agustiani et al. 2018, Eur. J. Agron. 101:10-19, doi:10.1016/j.eja.2018.08.002 (Fig. 3 digitasi piksel: kalibrasi tick sumbu-y, klasifikasi bentuk marker; Tabel 2; teks 2.2.1)"
Subang,-6.624,107.746,2016-05-08,7,TWST,92.333,kg/ha,601.685,digitasi piksel,"Agustiani et al. 2018, Eur. J. Agron. 101:10-19, doi:10.1016/j.eja.2018.08.002 (Fig. 3 digitasi piksel: kalibrasi tick sumbu-y, klasifikasi bentuk marker; Tabel 2; teks 2.2.1)"
Subang,-6.624,107.746,2016-07-07,67,TWST,4068.0,kg/ha,601.685,digitasi piksel,"Agustiani et al. 2018, Eur. J. Agron. 101:10-19, doi:10.1016/j.eja.2018.08.002 (Fig. 3 digitasi piksel: kalibrasi tick sumbu-y, klasifikasi bentuk marker; Tabel 2; teks 2.2.1)"
Subang,-6.624,107.746,2016-08-21,112,TWST,7515.0,kg/ha,601.685,digitasi piksel,"Agustiani et al. 2018, Eur. J. Agron. 101:10-19, doi:10.1016/j.eja.2018.08.002 (Fig. 3 digitasi piksel: kalibrasi tick sumbu-y, klasifikasi bentuk marker; Tabel 2; teks 2.2.1)"
Subang,-6.624,107.746,2016-05-08,7,LAI,0.08,-,0.201,digitasi piksel,"Agustiani et al. 2018, Eur. J. Agron. 101:10-19, doi:10.1016/j.eja.2018.08.002 (Fig. 3 digitasi piksel: kalibrasi tick sumbu-y, klasifikasi bentuk marker; Tabel 2; teks 2.2.1)"
Subang,-6.624,107.746,2016-07-07,67,LAI,5.036,-,0.201,digitasi piksel,"Agustiani et al. 2018, Eur. J. Agron. 101:10-19, doi:10.1016/j.eja.2018.08.002 (Fig. 3 digitasi piksel: kalibrasi tick sumbu-y, klasifikasi bentuk marker; Tabel 2; teks 2.2.1)"
Subang,-6.624,107.746,2016-08-21,112,LAI,2.146,-,0.201,digitasi piksel,"Agustiani et al. 2018, Eur. J. Agron. 101:10-19, doi:10.1016/j.eja.2018.08.002 (Fig. 3 digitasi piksel: kalibrasi tick sumbu-y, klasifikasi bentuk marker; Tabel 2; teks 2.2.1)"
Subang,-6.624,107.746,2016-07-07,67,DVS,1.0,-,0.05,teks (7/67/112 HST),"Agustiani et al. 2018, Eur. J. Agron. 101:10-19, doi:10.1016/j.eja.2018.08.002 (Fig. 3 digitasi piksel: kalibrasi tick sumbu-y, klasifikasi bentuk marker; Tabel 2; teks 2.2.1)"
Subang,-6.624,107.746,2016-08-21,112,DVS,2.0,-,0.05,teks (7/67/112 HST),"Agustiani et al. 2018, Eur. J. Agron. 101:10-19, doi:10.1016/j.eja.2018.08.002 (Fig. 3 digitasi piksel: kalibrasi tick sumbu-y, klasifikasi bentuk marker; Tabel 2; teks 2.2.1)"
Subang,-6.624,107.746,2016-08-21,112,TWSO,7624.0,kg/ha BK (GKG x0.86),610.0,Tabel 6 JPPTP per elevasi,"Agustiani, Sujinah, Hikmah 2018, Penelitian Pertanian Tanaman Pangan 2(3):145-153, doi:10.21082/jpptp.v2n3.2018.p145-153 (Tabel 6, MK 2016, dikoreksi ke Inpari-32 x 8.29/8.21)"
Indramayu,-6.518,108.291,2016-05-08,7,TAGP,112.0,kg/ha,1105.586,digitasi piksel,"Agustiani et al. 2018, Eur. J. Agron. 101:10-19, doi:10.1016/j.eja.2018.08.002 (Fig. 3 digitasi piksel: kalibrasi tick sumbu-y, klasifikasi bentuk marker; Tabel 2; teks 2.2.1)"
Indramayu,-6.518,108.291,2016-07-07,67,TAGP,6427.0,kg/ha,1105.586,digitasi piksel,"Agustiani et al. 2018, Eur. J. Agron. 101:10-19, doi:10.1016/j.eja.2018.08.002 (Fig. 3 digitasi piksel: kalibrasi tick sumbu-y, klasifikasi bentuk marker; Tabel 2; teks 2.2.1)"
Indramayu,-6.518,108.291,2016-08-21,112,TAGP,14087.0,kg/ha,1105.586,digitasi piksel,"Agustiani et al. 2018, Eur. J. Agron. 101:10-19, doi:10.1016/j.eja.2018.08.002 (Fig. 3 digitasi piksel: kalibrasi tick sumbu-y, klasifikasi bentuk marker; Tabel 2; teks 2.2.1)"
Indramayu,-6.518,108.291,2016-05-08,7,TWST,92.333,kg/ha,601.685,digitasi piksel,"Agustiani et al. 2018, Eur. J. Agron. 101:10-19, doi:10.1016/j.eja.2018.08.002 (Fig. 3 digitasi piksel: kalibrasi tick sumbu-y, klasifikasi bentuk marker; Tabel 2; teks 2.2.1)"
Indramayu,-6.518,108.291,2016-07-07,67,TWST,4800.0,kg/ha,601.685,digitasi piksel,"Agustiani et al. 2018, Eur. J. Agron. 101:10-19, doi:10.1016/j.eja.2018.08.002 (Fig. 3 digitasi piksel: kalibrasi tick sumbu-y, klasifikasi bentuk marker; Tabel 2; teks 2.2.1)"
Indramayu,-6.518,108.291,2016-08-21,112,TWST,5765.0,kg/ha,601.685,digitasi piksel,"Agustiani et al. 2018, Eur. J. Agron. 101:10-19, doi:10.1016/j.eja.2018.08.002 (Fig. 3 digitasi piksel: kalibrasi tick sumbu-y, klasifikasi bentuk marker; Tabel 2; teks 2.2.1)"
Indramayu,-6.518,108.291,2016-05-08,7,LAI,0.08,-,0.201,digitasi piksel,"Agustiani et al. 2018, Eur. J. Agron. 101:10-19, doi:10.1016/j.eja.2018.08.002 (Fig. 3 digitasi piksel: kalibrasi tick sumbu-y, klasifikasi bentuk marker; Tabel 2; teks 2.2.1)"
Indramayu,-6.518,108.291,2016-07-07,67,LAI,4.504,-,0.201,digitasi piksel,"Agustiani et al. 2018, Eur. J. Agron. 101:10-19, doi:10.1016/j.eja.2018.08.002 (Fig. 3 digitasi piksel: kalibrasi tick sumbu-y, klasifikasi bentuk marker; Tabel 2; teks 2.2.1)"
Indramayu,-6.518,108.291,2016-08-21,112,LAI,1.899,-,0.201,digitasi piksel,"Agustiani et al. 2018, Eur. J. Agron. 101:10-19, doi:10.1016/j.eja.2018.08.002 (Fig. 3 digitasi piksel: kalibrasi tick sumbu-y, klasifikasi bentuk marker; Tabel 2; teks 2.2.1)"
Indramayu,-6.518,108.291,2016-07-07,67,DVS,1.0,-,0.05,teks (7/67/112 HST),"Agustiani et al. 2018, Eur. J. Agron. 101:10-19, doi:10.1016/j.eja.2018.08.002 (Fig. 3 digitasi piksel: kalibrasi tick sumbu-y, klasifikasi bentuk marker; Tabel 2; teks 2.2.1)"
Indramayu,-6.518,108.291,2016-08-21,112,DVS,2.0,-,0.05,teks (7/67/112 HST),"Agustiani et al. 2018, Eur. J. Agron. 101:10-19, doi:10.1016/j.eja.2018.08.002 (Fig. 3 digitasi piksel: kalibrasi tick sumbu-y, klasifikasi bentuk marker; Tabel 2; teks 2.2.1)"
Indramayu,-6.518,108.291,2016-08-21,112,TWSO,7025.0,kg/ha BK (GKG x0.86),562.0,Tabel 6 JPPTP per elevasi,"Agustiani, Sujinah, Hikmah 2018, Penelitian Pertanian Tanaman Pangan 2(3):145-153, doi:10.21082/jpptp.v2n3.2018.p145-153 (Tabel 6, MK 2016, dikoreksi ke Inpari-32 x 8.29/8.21)"
Bandung,-7.011,107.746,2016-05-08,7,TAGP,112.0,kg/ha,1105.586,digitasi piksel,"Agustiani et al. 2018, Eur. J. Agron. 101:10-19, doi:10.1016/j.eja.2018.08.002 (Fig. 3 digitasi piksel: kalibrasi tick sumbu-y, klasifikasi bentuk marker; Tabel 2; teks 2.2.1)"
Bandung,-7.011,107.746,2016-07-07,67,TAGP,8519.0,kg/ha,1105.586,digitasi piksel,"Agustiani et al. 2018, Eur. J. Agron. 101:10-19, doi:10.1016/j.eja.2018.08.002 (Fig. 3 digitasi piksel: kalibrasi tick sumbu-y, klasifikasi bentuk marker; Tabel 2; teks 2.2.1)"
Bandung,-7.011,107.746,2016-08-21,112,TAGP,15107.0,kg/ha,1105.586,digitasi piksel,"Agustiani et al. 2018, Eur. J. Agron. 101:10-19, doi:10.1016/j.eja.2018.08.002 (Fig. 3 digitasi piksel: kalibrasi tick sumbu-y, klasifikasi bentuk marker; Tabel 2; teks 2.2.1)"
Bandung,-7.011,107.746,2016-05-08,7,TWST,92.333,kg/ha,601.685,digitasi piksel,"Agustiani et al. 2018, Eur. J. Agron. 101:10-19, doi:10.1016/j.eja.2018.08.002 (Fig. 3 digitasi piksel: kalibrasi tick sumbu-y, klasifikasi bentuk marker; Tabel 2; teks 2.2.1)"
Bandung,-7.011,107.746,2016-07-07,67,TWST,7055.0,kg/ha,601.685,digitasi piksel,"Agustiani et al. 2018, Eur. J. Agron. 101:10-19, doi:10.1016/j.eja.2018.08.002 (Fig. 3 digitasi piksel: kalibrasi tick sumbu-y, klasifikasi bentuk marker; Tabel 2; teks 2.2.1)"
Bandung,-7.011,107.746,2016-08-21,112,TWST,7408.0,kg/ha,601.685,digitasi piksel,"Agustiani et al. 2018, Eur. J. Agron. 101:10-19, doi:10.1016/j.eja.2018.08.002 (Fig. 3 digitasi piksel: kalibrasi tick sumbu-y, klasifikasi bentuk marker; Tabel 2; teks 2.2.1)"
Bandung,-7.011,107.746,2016-05-08,7,LAI,0.08,-,0.201,digitasi piksel,"Agustiani et al. 2018, Eur. J. Agron. 101:10-19, doi:10.1016/j.eja.2018.08.002 (Fig. 3 digitasi piksel: kalibrasi tick sumbu-y, klasifikasi bentuk marker; Tabel 2; teks 2.2.1)"
Bandung,-7.011,107.746,2016-07-07,67,LAI,4.622,-,0.201,digitasi piksel,"Agustiani et al. 2018, Eur. J. Agron. 101:10-19, doi:10.1016/j.eja.2018.08.002 (Fig. 3 digitasi piksel: kalibrasi tick sumbu-y, klasifikasi bentuk marker; Tabel 2; teks 2.2.1)"
Bandung,-7.011,107.746,2016-08-21,112,LAI,2.223,-,0.201,digitasi piksel,"Agustiani et al. 2018, Eur. J. Agron. 101:10-19, doi:10.1016/j.eja.2018.08.002 (Fig. 3 digitasi piksel: kalibrasi tick sumbu-y, klasifikasi bentuk marker; Tabel 2; teks 2.2.1)"
Bandung,-7.011,107.746,2016-07-07,67,DVS,1.0,-,0.05,teks (7/67/112 HST),"Agustiani et al. 2018, Eur. J. Agron. 101:10-19, doi:10.1016/j.eja.2018.08.002 (Fig. 3 digitasi piksel: kalibrasi tick sumbu-y, klasifikasi bentuk marker; Tabel 2; teks 2.2.1)"
Bandung,-7.011,107.746,2016-08-21,112,DVS,2.0,-,0.05,teks (7/67/112 HST),"Agustiani et al. 2018, Eur. J. Agron. 101:10-19, doi:10.1016/j.eja.2018.08.002 (Fig. 3 digitasi piksel: kalibrasi tick sumbu-y, klasifikasi bentuk marker; Tabel 2; teks 2.2.1)"
Bandung,-7.011,107.746,2016-08-21,112,TWSO,6739.0,kg/ha BK (GKG x0.86),539.0,Tabel 6 JPPTP per elevasi,"Agustiani, Sujinah, Hikmah 2018, Penelitian Pertanian Tanaman Pangan 2(3):145-153, doi:10.21082/jpptp.v2n3.2018.p145-153 (Tabel 6, MK 2016, dikoreksi ke Inpari-32 x 8.29/8.21)"
