tahun,kabupaten,luas_panen_ha,produktivitas_ku_ha,produksi_ton,hasil_gkg_kg_ha,hasil_bk_kg_ha,sumber
2018,Bandung,54427.68,57.85,314869.16,5785.0,4975.0,"BPS Provinsi Jawa Barat, tabel 'Luas Panen, Produktivitas, dan Produksi Padi Menurut Kabupaten/Kota' (metode KSA), diakses 25 Sep 2026, https://jabar.bps.go.id/id/statistics-table/3/WmpaNk1YbGFjR0pOUjBKYWFIQlBSU3MwVHpOVWR6MDkjMyMzMjAw/"
2018,Indramayu,238107.56,59.42,1414730.62,5942.0,5110.0,"BPS Provinsi Jawa Barat, tabel 'Luas Panen, Produktivitas, dan Produksi Padi Menurut Kabupaten/Kota' (metode KSA), diakses 25 Sep 2026, https://jabar.bps.go.id/id/statistics-table/3/WmpaNk1YbGFjR0pOUjBKYWFIQlBSU3MwVHpOVWR6MDkjMyMzMjAw/"
2018,Subang,173693.25,57.05,990994.87,5705.0,4906.0,"BPS Provinsi Jawa Barat, tabel 'Luas Panen, Produktivitas, dan Produksi Padi Menurut Kabupaten/Kota' (metode KSA), diakses 25 Sep 2026, https://jabar.bps.go.id/id/statistics-table/3/WmpaNk1YbGFjR0pOUjBKYWFIQlBSU3MwVHpOVWR6MDkjMyMzMjAw/"
2018,Karawang,199474.94,56.83,1133671.33,5683.0,4887.0,"BPS Provinsi Jawa Barat, tabel 'Luas Panen, Produktivitas, dan Produksi Padi Menurut Kabupaten/Kota' (metode KSA), diakses 25 Sep 2026, https://jabar.bps.go.id/id/statistics-table/3/WmpaNk1YbGFjR0pOUjBKYWFIQlBSU3MwVHpOVWR6MDkjMyMzMjAw/"
2018,Jawa Barat,1707253.81,56.51,9647358.75,5651.0,4860.0,"BPS Provinsi Jawa Barat, tabel 'Luas Panen, Produktivitas, dan Produksi Padi Menurut Kabupaten/Kota' (metode KSA), diakses 25 Sep 2026, https://jabar.bps.go.id/id/statistics-table/3/WmpaNk1YbGFjR0pOUjBKYWFIQlBSU3MwVHpOVWR6MDkjMyMzMjAw/"
2019,Bandung,56310.25,61.13,344214.39,6113.0,5257.0,"BPS Provinsi Jawa Barat, tabel 'Luas Panen, Produktivitas, dan Produksi Padi Menurut Kabupaten/Kota' (metode KSA), diakses 25 Sep 2026, https://jabar.bps.go.id/id/statistics-table/3/WmpaNk1YbGFjR0pOUjBKYWFIQlBSU3MwVHpOVWR6MDkjMyMzMjAw/"
2019,Indramayu,215731.12,63.8,1376429.68,6380.0,5487.0,"BPS Provinsi Jawa Barat, tabel 'Luas Panen, Produktivitas, dan Produksi Padi Menurut Kabupaten/Kota' (metode KSA), diakses 25 Sep 2026, https://jabar.bps.go.id/id/statistics-table/3/WmpaNk1YbGFjR0pOUjBKYWFIQlBSU3MwVHpOVWR6MDkjMyMzMjAw/"
2019,Subang,156298.5,60.33,942932.04,6033.0,5188.0,"BPS Provinsi Jawa Barat, tabel 'Luas Panen, Produktivitas, dan Produksi Padi Menurut Kabupaten/Kota' (metode KSA), diakses 25 Sep 2026, https://jabar.bps.go.id/id/statistics-table/3/WmpaNk1YbGFjR0pOUjBKYWFIQlBSU3MwVHpOVWR6MDkjMyMzMjAw/"
2019,Karawang,185806.99,60.16,1117813.97,6016.0,5174.0,"BPS Provinsi Jawa Barat, tabel 'Luas Panen, Produktivitas, dan Produksi Padi Menurut Kabupaten/Kota' (metode KSA), diakses 25 Sep 2026, https://jabar.bps.go.id/id/statistics-table/3/WmpaNk1YbGFjR0pOUjBKYWFIQlBSU3MwVHpOVWR6MDkjMyMzMjAw/"
2019,Jawa Barat,1578835.7,57.54,9084957.22,5754.0,4948.0,"BPS Provinsi Jawa Barat, tabel 'Luas Panen, Produktivitas, dan Produksi Padi Menurut Kabupaten/Kota' (metode KSA), diakses 25 Sep 2026, https://jabar.bps.go.id/id/statistics-table/3/WmpaNk1YbGFjR0pOUjBKYWFIQlBSU3MwVHpOVWR6MDkjMyMzMjAw/"
2020,Bandung,50150.32,55.27,277156.28,5527.0,4753.0,"BPS Provinsi Jawa Barat, tabel 'Luas Panen, Produktivitas, dan Produksi Padi Menurut Kabupaten/Kota' (metode KSA), diakses 25 Sep 2026, https://jabar.bps.go.id/id/statistics-table/3/WmpaNk1YbGFjR0pOUjBKYWFIQlBSU3MwVHpOVWR6MDkjMyMzMjAw/"
2020,Indramayu,226626.09,60.16,1363311.87,6016.0,5174.0,"BPS Provinsi Jawa Barat, tabel 'Luas Panen, Produktivitas, dan Produksi Padi Menurut Kabupaten/Kota' (metode KSA), diakses 25 Sep 2026, https://jabar.bps.go.id/id/statistics-table/3/WmpaNk1YbGFjR0pOUjBKYWFIQlBSU3MwVHpOVWR6MDkjMyMzMjAw/"
2020,Subang,169416.08,57.3,970759.74,5730.0,4928.0,"BPS Provinsi Jawa Barat, tabel 'Luas Panen, Produktivitas, dan Produksi Padi Menurut Kabupaten/Kota' (metode KSA), diakses 25 Sep 2026, https://jabar.bps.go.id/id/statistics-table/3/WmpaNk1YbGFjR0pOUjBKYWFIQlBSU3MwVHpOVWR6MDkjMyMzMjAw/"
2020,Karawang,181915.22,59.8,1087873.9,5980.0,5143.0,"BPS Provinsi Jawa Barat, tabel 'Luas Panen, Produktivitas, dan Produksi Padi Menurut Kabupaten/Kota' (metode KSA), diakses 25 Sep 2026, https://jabar.bps.go.id/id/statistics-table/3/WmpaNk1YbGFjR0pOUjBKYWFIQlBSU3MwVHpOVWR6MDkjMyMzMjAw/"
2020,Jawa Barat,1586888.63,56.82,9016772.58,5682.0,4887.0,"BPS Provinsi Jawa Barat, tabel 'Luas Panen, Produktivitas, dan Produksi Padi Menurut Kabupaten/Kota' (metode KSA), diakses 25 Sep 2026, https://jabar.bps.go.id/id/statistics-table/3/WmpaNk1YbGFjR0pOUjBKYWFIQlBSU3MwVHpOVWR6MDkjMyMzMjAw/"
2021,Bandung,50552.68,61.46,310715.2,6146.0,5286.0,"BPS Provinsi Jawa Barat, tabel 'Luas Panen, Produktivitas, dan Produksi Padi Menurut Kabupaten/Kota' (metode KSA), diakses 25 Sep 2026, https://jabar.bps.go.id/id/statistics-table/3/WmpaNk1YbGFjR0pOUjBKYWFIQlBSU3MwVHpOVWR6MDkjMyMzMjAw/"
2021,Indramayu,227051.34,58.12,1319623.64,5812.0,4998.0,"BPS Provinsi Jawa Barat, tabel 'Luas Panen, Produktivitas, dan Produksi Padi Menurut Kabupaten/Kota' (metode KSA), diakses 25 Sep 2026, https://jabar.bps.go.id/id/statistics-table/3/WmpaNk1YbGFjR0pOUjBKYWFIQlBSU3MwVHpOVWR6MDkjMyMzMjAw/"
2021,Subang,163946.73,58.52,959456.43,5852.0,5033.0,"BPS Provinsi Jawa Barat, tabel 'Luas Panen, Produktivitas, dan Produksi Padi Menurut Kabupaten/Kota' (metode KSA), diakses 25 Sep 2026, https://jabar.bps.go.id/id/statistics-table/3/WmpaNk1YbGFjR0pOUjBKYWFIQlBSU3MwVHpOVWR6MDkjMyMzMjAw/"
2021,Karawang,197916.26,62.36,1234133.75,6236.0,5363.0,"BPS Provinsi Jawa Barat, tabel 'Luas Panen, Produktivitas, dan Produksi Padi Menurut Kabupaten/Kota' (metode KSA), diakses 25 Sep 2026, https://jabar.bps.go.id/id/statistics-table/3/WmpaNk1YbGFjR0pOUjBKYWFIQlBSU3MwVHpOVWR6MDkjMyMzMjAw/"
2021,Jawa Barat,1604109.31,56.81,9113573.08,5681.0,4886.0,"BPS Provinsi Jawa Barat, tabel 'Luas Panen, Produktivitas, dan Produksi Padi Menurut Kabupaten/Kota' (metode KSA), diakses 25 Sep 2026, https://jabar.bps.go.id/id/statistics-table/3/WmpaNk1YbGFjR0pOUjBKYWFIQlBSU3MwVHpOVWR6MDkjMyMzMjAw/"
2022,Bandung,47537.79,60.84,289205.7,6084.0,5232.0,"BPS Provinsi Jawa Barat, tabel 'Luas Panen, Produktivitas, dan Produksi Padi Menurut Kabupaten/Kota' (metode KSA), diakses 25 Sep 2026, https://jabar.bps.go.id/id/statistics-table/3/WmpaNk1YbGFjR0pOUjBKYWFIQlBSU3MwVHpOVWR6MDkjMyMzMjAw/"
2022,Indramayu,245329.29,60.42,1482255.86,6042.0,5196.0,"BPS Provinsi Jawa Barat, tabel 'Luas Panen, Produktivitas, dan Produksi Padi Menurut Kabupaten/Kota' (metode KSA), diakses 25 Sep 2026, https://jabar.bps.go.id/id/statistics-table/3/WmpaNk1YbGFjR0pOUjBKYWFIQlBSU3MwVHpOVWR6MDkjMyMzMjAw/"
2022,Subang,177986.35,58.36,1038780.58,5836.0,5019.0,"BPS Provinsi Jawa Barat, tabel 'Luas Panen, Produktivitas, dan Produksi Padi Menurut Kabupaten/Kota' (metode KSA), diakses 25 Sep 2026, https://jabar.bps.go.id/id/statistics-table/3/WmpaNk1YbGFjR0pOUjBKYWFIQlBSU3MwVHpOVWR6MDkjMyMzMjAw/"
2022,Karawang,204326.26,60.05,1226880.08,6005.0,5164.0,"BPS Provinsi Jawa Barat, tabel 'Luas Panen, Produktivitas, dan Produksi Padi Menurut Kabupaten/Kota' (metode KSA), diakses 25 Sep 2026, https://jabar.bps.go.id/id/statistics-table/3/WmpaNk1YbGFjR0pOUjBKYWFIQlBSU3MwVHpOVWR6MDkjMyMzMjAw/"
2022,Jawa Barat,1662403.96,56.75,9433723.09,5675.0,4880.0,"BPS Provinsi Jawa Barat, tabel 'Luas Panen, Produktivitas, dan Produksi Padi Menurut Kabupaten/Kota' (metode KSA), diakses 25 Sep 2026, https://jabar.bps.go.id/id/statistics-table/3/WmpaNk1YbGFjR0pOUjBKYWFIQlBSU3MwVHpOVWR6MDkjMyMzMjAw/"
2023,Bandung,49366.27,60.8,300142.89,6080.0,5229.0,"BPS Provinsi Jawa Barat, tabel 'Luas Panen, Produktivitas, dan Produksi Padi Menurut Kabupaten/Kota' (metode KSA), diakses 25 Sep 2026, https://jabar.bps.go.id/id/statistics-table/3/WmpaNk1YbGFjR0pOUjBKYWFIQlBSU3MwVHpOVWR6MDkjMyMzMjAw/"
2023,Indramayu,230456.96,61.8,1424303.1,6180.0,5315.0,"BPS Provinsi Jawa Barat, tabel 'Luas Panen, Produktivitas, dan Produksi Padi Menurut Kabupaten/Kota' (metode KSA), diakses 25 Sep 2026, https://jabar.bps.go.id/id/statistics-table/3/WmpaNk1YbGFjR0pOUjBKYWFIQlBSU3MwVHpOVWR6MDkjMyMzMjAw/"
2023,Subang,174864.99,58.77,1027659.54,5877.0,5054.0,"BPS Provinsi Jawa Barat, tabel 'Luas Panen, Produktivitas, dan Produksi Padi Menurut Kabupaten/Kota' (metode KSA), diakses 25 Sep 2026, https://jabar.bps.go.id/id/statistics-table/3/WmpaNk1YbGFjR0pOUjBKYWFIQlBSU3MwVHpOVWR6MDkjMyMzMjAw/"
2023,Karawang,189064.62,59.87,1131976.57,5987.0,5149.0,"BPS Provinsi Jawa Barat, tabel 'Luas Panen, Produktivitas, dan Produksi Padi Menurut Kabupaten/Kota' (metode KSA), diakses 25 Sep 2026, https://jabar.bps.go.id/id/statistics-table/3/WmpaNk1YbGFjR0pOUjBKYWFIQlBSU3MwVHpOVWR6MDkjMyMzMjAw/"
2023,Jawa Barat,1583656.28,57.71,9140039.2,5771.0,4963.0,"BPS Provinsi Jawa Barat, tabel 'Luas Panen, Produktivitas, dan Produksi Padi Menurut Kabupaten/Kota' (metode KSA), diakses 25 Sep 2026, https://jabar.bps.go.id/id/statistics-table/3/WmpaNk1YbGFjR0pOUjBKYWFIQlBSU3MwVHpOVWR6MDkjMyMzMjAw/"
2024,Bandung,51947.62,64.33,334188.58,6433.0,5532.0,"BPS Provinsi Jawa Barat, tabel 'Luas Panen, Produktivitas, dan Produksi Padi Menurut Kabupaten/Kota' (metode KSA), diakses 25 Sep 2026, https://jabar.bps.go.id/id/statistics-table/3/WmpaNk1YbGFjR0pOUjBKYWFIQlBSU3MwVHpOVWR6MDkjMyMzMjAw/"
2024,Indramayu,212866.19,65.74,1399352.12,6573.999999999999,5654.0,"BPS Provinsi Jawa Barat, tabel 'Luas Panen, Produktivitas, dan Produksi Padi Menurut Kabupaten/Kota' (metode KSA), diakses 25 Sep 2026, https://jabar.bps.go.id/id/statistics-table/3/WmpaNk1YbGFjR0pOUjBKYWFIQlBSU3MwVHpOVWR6MDkjMyMzMjAw/"
2024,Subang,163881.64,59.12,968941.45,5912.0,5084.0,"BPS Provinsi Jawa Barat, tabel 'Luas Panen, Produktivitas, dan Produksi Padi Menurut Kabupaten/Kota' (metode KSA), diakses 25 Sep 2026, https://jabar.bps.go.id/id/statistics-table/3/WmpaNk1YbGFjR0pOUjBKYWFIQlBSU3MwVHpOVWR6MDkjMyMzMjAw/"
2024,Karawang,183065.46,56.89,1041530.95,5689.0,4893.0,"BPS Provinsi Jawa Barat, tabel 'Luas Panen, Produktivitas, dan Produksi Padi Menurut Kabupaten/Kota' (metode KSA), diakses 25 Sep 2026, https://jabar.bps.go.id/id/statistics-table/3/WmpaNk1YbGFjR0pOUjBKYWFIQlBSU3MwVHpOVWR6MDkjMyMzMjAw/"
2024,Jawa Barat,1475362.09,58.47,8626879.91,5847.0,5028.0,"BPS Provinsi Jawa Barat, tabel 'Luas Panen, Produktivitas, dan Produksi Padi Menurut Kabupaten/Kota' (metode KSA), diakses 25 Sep 2026, https://jabar.bps.go.id/id/statistics-table/3/WmpaNk1YbGFjR0pOUjBKYWFIQlBSU3MwVHpOVWR6MDkjMyMzMjAw/"
2025,Bandung,55849.0,63.26,353307.0,6326.0,5440.0,"BPS Provinsi Jawa Barat, tabel 'Luas Panen, Produktivitas, dan Produksi Padi Menurut Kabupaten/Kota' (metode KSA), diakses 25 Sep 2026, https://jabar.bps.go.id/id/statistics-table/3/WmpaNk1YbGFjR0pOUjBKYWFIQlBSU3MwVHpOVWR6MDkjMyMzMjAw/"
2025,Indramayu,239498.0,66.11,1583262.0,6611.0,5685.0,"BPS Provinsi Jawa Barat, tabel 'Luas Panen, Produktivitas, dan Produksi Padi Menurut Kabupaten/Kota' (metode KSA), diakses 25 Sep 2026, https://jabar.bps.go.id/id/statistics-table/3/WmpaNk1YbGFjR0pOUjBKYWFIQlBSU3MwVHpOVWR6MDkjMyMzMjAw/"
2025,Subang,184319.0,59.4,1094781.0,5940.0,5108.0,"BPS Provinsi Jawa Barat, tabel 'Luas Panen, Produktivitas, dan Produksi Padi Menurut Kabupaten/Kota' (metode KSA), diakses 25 Sep 2026, https://jabar.bps.go.id/id/statistics-table/3/WmpaNk1YbGFjR0pOUjBKYWFIQlBSU3MwVHpOVWR6MDkjMyMzMjAw/"
2025,Karawang,202293.0,59.06,1194712.0,5906.0,5079.0,"BPS Provinsi Jawa Barat, tabel 'Luas Panen, Produktivitas, dan Produksi Padi Menurut Kabupaten/Kota' (metode KSA), diakses 25 Sep 2026, https://jabar.bps.go.id/id/statistics-table/3/WmpaNk1YbGFjR0pOUjBKYWFIQlBSU3MwVHpOVWR6MDkjMyMzMjAw/"
2025,Jawa Barat,1755300.0,58.26,10226654.0,5826.0,5010.0,"BPS Provinsi Jawa Barat, tabel 'Luas Panen, Produktivitas, dan Produksi Padi Menurut Kabupaten/Kota' (metode KSA), diakses 25 Sep 2026, https://jabar.bps.go.id/id/statistics-table/3/WmpaNk1YbGFjR0pOUjBKYWFIQlBSU3MwVHpOVWR6MDkjMyMzMjAw/"
