tanggal_tanam,TWSO_obs,lokasi,musim
2017-12-01,4906.0,Subang,MT1
2018-06-01,4906.0,Subang,MT2
2018-12-01,5188.0,Subang,MT1
2019-06-01,5188.0,Subang,MT2
2019-12-01,4928.0,Subang,MT1
2020-06-01,4928.0,Subang,MT2
2020-12-01,5033.0,Subang,MT1
2021-06-01,5033.0,Subang,MT2
2021-12-01,5019.0,Subang,MT1
2022-06-01,5019.0,Subang,MT2
2022-12-01,5054.0,Subang,MT1
2023-06-01,5054.0,Subang,MT2
2023-12-01,5084.0,Subang,MT1
2024-06-01,5084.0,Subang,MT2
2024-12-01,5108.0,Subang,MT1
2025-06-01,5108.0,Subang,MT2
2017-12-01,5110.0,Indramayu,MT1
2018-06-01,5110.0,Indramayu,MT2
2018-12-01,5487.0,Indramayu,MT1
2019-06-01,5487.0,Indramayu,MT2
2019-12-01,5174.0,Indramayu,MT1
2020-06-01,5174.0,Indramayu,MT2
2020-12-01,4998.0,Indramayu,MT1
2021-06-01,4998.0,Indramayu,MT2
2021-12-01,5196.0,Indramayu,MT1
2022-06-01,5196.0,Indramayu,MT2
2022-12-01,5315.0,Indramayu,MT1
2023-06-01,5315.0,Indramayu,MT2
2023-12-01,5654.0,Indramayu,MT1
2024-06-01,5654.0,Indramayu,MT2
2024-12-01,5685.0,Indramayu,MT1
2025-06-01,5685.0,Indramayu,MT2
2017-12-01,4975.0,Bandung,MT1
2018-06-01,4975.0,Bandung,MT2
2018-12-01,5257.0,Bandung,MT1
2019-06-01,5257.0,Bandung,MT2
2019-12-01,4753.0,Bandung,MT1
2020-06-01,4753.0,Bandung,MT2
2020-12-01,5286.0,Bandung,MT1
2021-06-01,5286.0,Bandung,MT2
2021-12-01,5232.0,Bandung,MT1
2022-06-01,5232.0,Bandung,MT2
2022-12-01,5229.0,Bandung,MT1
2023-06-01,5229.0,Bandung,MT2
2023-12-01,5532.0,Bandung,MT1
2024-06-01,5532.0,Bandung,MT2
2024-12-01,5440.0,Bandung,MT1
2025-06-01,5440.0,Bandung,MT2
