set,musim,varietas,lokasi,variabel,nilai,satuan,catatan,sumber
S2022,MK 2022,Inpari 33,"LTFE KP Sukamandi (6.20 S, 107.65 E, 16 m)",Y0,3448.6,kg BK/ha,0 = petak +PK (tanpa N); 140 = +NPK 140 kg N/ha; LAI = luas daun/rumpun x 16 rumpun/m2; hasil x 0.86,"Susanti et al. 2023, IOP Conf. Ser. Earth Environ. Sci. 1165:012026, doi:10.1088/1755-1315/1165/1/012026 (Tabel 3, 4)"
S2022,MK 2022,Inpari 33,"LTFE KP Sukamandi (6.20 S, 107.65 E, 16 m)",Y140,5908.2,kg BK/ha,0 = petak +PK (tanpa N); 140 = +NPK 140 kg N/ha; LAI = luas daun/rumpun x 16 rumpun/m2; hasil x 0.86,"Susanti et al. 2023, IOP Conf. Ser. Earth Environ. Sci. 1165:012026, doi:10.1088/1755-1315/1165/1/012026 (Tabel 3, 4)"
S2022,MK 2022,Inpari 33,"LTFE KP Sukamandi (6.20 S, 107.65 E, 16 m)",rY,0.5837,-,0 = petak +PK (tanpa N); 140 = +NPK 140 kg N/ha; LAI = luas daun/rumpun x 16 rumpun/m2; hasil x 0.86,"Susanti et al. 2023, IOP Conf. Ser. Earth Environ. Sci. 1165:012026, doi:10.1088/1755-1315/1165/1/012026 (Tabel 3, 4)"
S2022,MK 2022,Inpari 33,"LTFE KP Sukamandi (6.20 S, 107.65 E, 16 m)",LAI21_0,0.3557,-,0 = petak +PK (tanpa N); 140 = +NPK 140 kg N/ha; LAI = luas daun/rumpun x 16 rumpun/m2; hasil x 0.86,"Susanti et al. 2023, IOP Conf. Ser. Earth Environ. Sci. 1165:012026, doi:10.1088/1755-1315/1165/1/012026 (Tabel 3, 4)"
S2022,MK 2022,Inpari 33,"LTFE KP Sukamandi (6.20 S, 107.65 E, 16 m)",LAI21_140,0.3737,-,0 = petak +PK (tanpa N); 140 = +NPK 140 kg N/ha; LAI = luas daun/rumpun x 16 rumpun/m2; hasil x 0.86,"Susanti et al. 2023, IOP Conf. Ser. Earth Environ. Sci. 1165:012026, doi:10.1088/1755-1315/1165/1/012026 (Tabel 3, 4)"
S2022,MK 2022,Inpari 33,"LTFE KP Sukamandi (6.20 S, 107.65 E, 16 m)",rLAI21,0.9519,-,0 = petak +PK (tanpa N); 140 = +NPK 140 kg N/ha; LAI = luas daun/rumpun x 16 rumpun/m2; hasil x 0.86,"Susanti et al. 2023, IOP Conf. Ser. Earth Environ. Sci. 1165:012026, doi:10.1088/1755-1315/1165/1/012026 (Tabel 3, 4)"
S2022,MK 2022,Inpari 33,"LTFE KP Sukamandi (6.20 S, 107.65 E, 16 m)",LAI35_0,0.9095,-,0 = petak +PK (tanpa N); 140 = +NPK 140 kg N/ha; LAI = luas daun/rumpun x 16 rumpun/m2; hasil x 0.86,"Susanti et al. 2023, IOP Conf. Ser. Earth Environ. Sci. 1165:012026, doi:10.1088/1755-1315/1165/1/012026 (Tabel 3, 4)"
S2022,MK 2022,Inpari 33,"LTFE KP Sukamandi (6.20 S, 107.65 E, 16 m)",LAI35_140,1.3775,-,0 = petak +PK (tanpa N); 140 = +NPK 140 kg N/ha; LAI = luas daun/rumpun x 16 rumpun/m2; hasil x 0.86,"Susanti et al. 2023, IOP Conf. Ser. Earth Environ. Sci. 1165:012026, doi:10.1088/1755-1315/1165/1/012026 (Tabel 3, 4)"
S2022,MK 2022,Inpari 33,"LTFE KP Sukamandi (6.20 S, 107.65 E, 16 m)",rLAI35,0.6603,-,0 = petak +PK (tanpa N); 140 = +NPK 140 kg N/ha; LAI = luas daun/rumpun x 16 rumpun/m2; hasil x 0.86,"Susanti et al. 2023, IOP Conf. Ser. Earth Environ. Sci. 1165:012026, doi:10.1088/1755-1315/1165/1/012026 (Tabel 3, 4)"
S2022,MK 2022,Inpari 33,"LTFE KP Sukamandi (6.20 S, 107.65 E, 16 m)",LAI60_0,1.9718,-,0 = petak +PK (tanpa N); 140 = +NPK 140 kg N/ha; LAI = luas daun/rumpun x 16 rumpun/m2; hasil x 0.86,"Susanti et al. 2023, IOP Conf. Ser. Earth Environ. Sci. 1165:012026, doi:10.1088/1755-1315/1165/1/012026 (Tabel 3, 4)"
S2022,MK 2022,Inpari 33,"LTFE KP Sukamandi (6.20 S, 107.65 E, 16 m)",LAI60_140,4.3856,-,0 = petak +PK (tanpa N); 140 = +NPK 140 kg N/ha; LAI = luas daun/rumpun x 16 rumpun/m2; hasil x 0.86,"Susanti et al. 2023, IOP Conf. Ser. Earth Environ. Sci. 1165:012026, doi:10.1088/1755-1315/1165/1/012026 (Tabel 3, 4)"
S2022,MK 2022,Inpari 33,"LTFE KP Sukamandi (6.20 S, 107.65 E, 16 m)",rLAI60,0.4496,-,0 = petak +PK (tanpa N); 140 = +NPK 140 kg N/ha; LAI = luas daun/rumpun x 16 rumpun/m2; hasil x 0.86,"Susanti et al. 2023, IOP Conf. Ser. Earth Environ. Sci. 1165:012026, doi:10.1088/1755-1315/1165/1/012026 (Tabel 3, 4)"
S2022,MK 2022,Inpari 33,"LTFE KP Sukamandi (6.20 S, 107.65 E, 16 m)",rDM35,0.7665,-,0 = petak +PK (tanpa N); 140 = +NPK 140 kg N/ha; LAI = luas daun/rumpun x 16 rumpun/m2; hasil x 0.86,"Susanti et al. 2023, IOP Conf. Ser. Earth Environ. Sci. 1165:012026, doi:10.1088/1755-1315/1165/1/012026 (Tabel 3, 4)"
S2022,MK 2022,Inpari 33,"LTFE KP Sukamandi (6.20 S, 107.65 E, 16 m)",rDM60,0.7394,-,0 = petak +PK (tanpa N); 140 = +NPK 140 kg N/ha; LAI = luas daun/rumpun x 16 rumpun/m2; hasil x 0.86,"Susanti et al. 2023, IOP Conf. Ser. Earth Environ. Sci. 1165:012026, doi:10.1088/1755-1315/1165/1/012026 (Tabel 3, 4)"
S2020,Jul-Des 2020,Inpari 33,"LTFE KP Sukamandi (6.20 S, 107.65 E, 16 m)",Y0,3268.0,kg BK/ha,0 = petak +PK (tanpa N); 140 = +NPK 140 kg N/ha; LAI = luas daun/rumpun x 16 rumpun/m2; hasil x 0.86,"Hikmah et al. 2021, J. Agron. Indonesia 49(3):242-250, doi:10.24831/jai.v49i3.38323 (Tabel 3, 4)"
S2020,Jul-Des 2020,Inpari 33,"LTFE KP Sukamandi (6.20 S, 107.65 E, 16 m)",Y140,4042.0,kg BK/ha,0 = petak +PK (tanpa N); 140 = +NPK 140 kg N/ha; LAI = luas daun/rumpun x 16 rumpun/m2; hasil x 0.86,"Hikmah et al. 2021, J. Agron. Indonesia 49(3):242-250, doi:10.24831/jai.v49i3.38323 (Tabel 3, 4)"
S2020,Jul-Des 2020,Inpari 33,"LTFE KP Sukamandi (6.20 S, 107.65 E, 16 m)",rY,0.8085,-,0 = petak +PK (tanpa N); 140 = +NPK 140 kg N/ha; LAI = luas daun/rumpun x 16 rumpun/m2; hasil x 0.86,"Hikmah et al. 2021, J. Agron. Indonesia 49(3):242-250, doi:10.24831/jai.v49i3.38323 (Tabel 3, 4)"
S2020,Jul-Des 2020,Inpari 33,"LTFE KP Sukamandi (6.20 S, 107.65 E, 16 m)",LAI21_0,0.4352,-,0 = petak +PK (tanpa N); 140 = +NPK 140 kg N/ha; LAI = luas daun/rumpun x 16 rumpun/m2; hasil x 0.86,"Hikmah et al. 2021, J. Agron. Indonesia 49(3):242-250, doi:10.24831/jai.v49i3.38323 (Tabel 3, 4)"
S2020,Jul-Des 2020,Inpari 33,"LTFE KP Sukamandi (6.20 S, 107.65 E, 16 m)",LAI21_140,0.6178,-,0 = petak +PK (tanpa N); 140 = +NPK 140 kg N/ha; LAI = luas daun/rumpun x 16 rumpun/m2; hasil x 0.86,"Hikmah et al. 2021, J. Agron. Indonesia 49(3):242-250, doi:10.24831/jai.v49i3.38323 (Tabel 3, 4)"
S2020,Jul-Des 2020,Inpari 33,"LTFE KP Sukamandi (6.20 S, 107.65 E, 16 m)",rLAI21,0.7044,-,0 = petak +PK (tanpa N); 140 = +NPK 140 kg N/ha; LAI = luas daun/rumpun x 16 rumpun/m2; hasil x 0.86,"Hikmah et al. 2021, J. Agron. Indonesia 49(3):242-250, doi:10.24831/jai.v49i3.38323 (Tabel 3, 4)"
S2020,Jul-Des 2020,Inpari 33,"LTFE KP Sukamandi (6.20 S, 107.65 E, 16 m)",LAI35_0,1.0533,-,0 = petak +PK (tanpa N); 140 = +NPK 140 kg N/ha; LAI = luas daun/rumpun x 16 rumpun/m2; hasil x 0.86,"Hikmah et al. 2021, J. Agron. Indonesia 49(3):242-250, doi:10.24831/jai.v49i3.38323 (Tabel 3, 4)"
S2020,Jul-Des 2020,Inpari 33,"LTFE KP Sukamandi (6.20 S, 107.65 E, 16 m)",LAI35_140,1.9597,-,0 = petak +PK (tanpa N); 140 = +NPK 140 kg N/ha; LAI = luas daun/rumpun x 16 rumpun/m2; hasil x 0.86,"Hikmah et al. 2021, J. Agron. Indonesia 49(3):242-250, doi:10.24831/jai.v49i3.38323 (Tabel 3, 4)"
S2020,Jul-Des 2020,Inpari 33,"LTFE KP Sukamandi (6.20 S, 107.65 E, 16 m)",rLAI35,0.5375,-,0 = petak +PK (tanpa N); 140 = +NPK 140 kg N/ha; LAI = luas daun/rumpun x 16 rumpun/m2; hasil x 0.86,"Hikmah et al. 2021, J. Agron. Indonesia 49(3):242-250, doi:10.24831/jai.v49i3.38323 (Tabel 3, 4)"
S2020,Jul-Des 2020,Inpari 33,"LTFE KP Sukamandi (6.20 S, 107.65 E, 16 m)",LAIFL_0,1.5688,-,0 = petak +PK (tanpa N); 140 = +NPK 140 kg N/ha; LAI = luas daun/rumpun x 16 rumpun/m2; hasil x 0.86,"Hikmah et al. 2021, J. Agron. Indonesia 49(3):242-250, doi:10.24831/jai.v49i3.38323 (Tabel 3, 4)"
S2020,Jul-Des 2020,Inpari 33,"LTFE KP Sukamandi (6.20 S, 107.65 E, 16 m)",LAIFL_140,4.6253,-,0 = petak +PK (tanpa N); 140 = +NPK 140 kg N/ha; LAI = luas daun/rumpun x 16 rumpun/m2; hasil x 0.86,"Hikmah et al. 2021, J. Agron. Indonesia 49(3):242-250, doi:10.24831/jai.v49i3.38323 (Tabel 3, 4)"
S2020,Jul-Des 2020,Inpari 33,"LTFE KP Sukamandi (6.20 S, 107.65 E, 16 m)",rLAIFL,0.3392,-,0 = petak +PK (tanpa N); 140 = +NPK 140 kg N/ha; LAI = luas daun/rumpun x 16 rumpun/m2; hasil x 0.86,"Hikmah et al. 2021, J. Agron. Indonesia 49(3):242-250, doi:10.24831/jai.v49i3.38323 (Tabel 3, 4)"
