lokasi,tanam,DOA_HST,DOM_HST,TWSO,TAGP,LAImax
subang,2016-04-01,53,87,7194.894445640785,13703.037901752083,6.4826829304865115
subang,2016-04-06,53,87,7284.347086364008,13725.570419685984,6.483328161816012
subang,2016-04-11,53,87,7361.188352514028,13725.50205664563,6.3809424389170575
subang,2016-04-16,53,87,7453.365157607488,13755.77098085012,6.296746836550068
subang,2016-04-21,53,87,7498.872284632789,13758.414321425771,6.245083022718404
subang,2016-04-26,53,88,7604.662155744855,13803.280548357667,6.203230607221601
subang,2016-05-01,53,88,7759.752907589587,13943.608668158948,6.143663437086717
subang,2016-05-06,54,89,8003.39042250851,14282.503279088076,6.155369628076369
subang,2016-05-11,54,89,8156.7197374628395,14556.99399368716,6.2738058028763835
subang,2016-05-16,54,89,8237.370803970745,14704.574169163538,6.314527455523308
subang,2016-05-21,54,89,8315.720484445494,14822.398646979302,6.335301848970623
subang,2016-05-26,54,88,8284.707624704632,14829.321006402326,6.421937289723609
subang,2016-05-31,55,89,8469.923926443238,15276.352284141733,6.596444406012853
subang,2016-06-05,55,89,8521.216154087926,15430.202368874303,6.661852185232082
subang,2016-06-10,55,89,8568.73576260973,15606.254215565572,6.726332513770831
subang,2016-06-15,55,88,8463.091858136839,15544.007042774905,6.7194511376266455
subang,2016-06-20,55,88,8573.577988345547,15806.132348309457,6.827193186332094
subang,2016-06-25,55,88,8659.223592681616,16028.425327494368,6.996243118480408
subang,2016-06-30,54,88,8794.177411520795,16201.473913962072,7.15379710328968
indramayu,2016-04-01,50,82,6681.615666634579,12684.365782209275,6.065938700144849
indramayu,2016-04-06,50,82,6735.426470551536,12726.627940741844,6.097974108974993
indramayu,2016-04-11,50,82,6784.2712998365,12713.286882429995,6.054126076978687
indramayu,2016-04-16,50,82,6831.921611653648,12777.258495181824,6.064380624039731
indramayu,2016-04-21,50,82,6885.285728803237,12805.122851150236,5.996020662873463
indramayu,2016-04-26,50,82,6930.351914618982,12807.380702077964,5.992681512251852
indramayu,2016-05-01,51,84,7073.9801829995595,13000.616122797575,5.931991069205586
indramayu,2016-05-06,51,84,7219.019725324652,13120.745492188093,5.939583349561239
indramayu,2016-05-11,51,84,7387.234167707157,13301.449938112937,5.944050036524061
indramayu,2016-05-16,51,84,7486.231940454712,13481.181171014217,6.019457613830137
indramayu,2016-05-21,51,84,7565.029839213019,13608.115765891842,6.036720778326737
indramayu,2016-05-26,51,83,7496.866149744362,13511.182543779983,6.004803587429225
indramayu,2016-05-31,52,84,7637.2253653044745,13884.502522570048,6.182499145867695
indramayu,2016-06-05,52,83,7478.781218682841,13801.473662475857,6.250441275166781
indramayu,2016-06-10,52,83,7473.898541061571,13928.500572399065,6.349419364429187
indramayu,2016-06-15,52,83,7499.177802716311,14025.805181403597,6.372087459221298
indramayu,2016-06-20,52,83,7576.042314387664,14198.43778266331,6.3986188759793965
indramayu,2016-06-25,51,82,7608.359225350391,14222.966252718918,6.505251711151417
indramayu,2016-06-30,51,82,7690.705434018885,14409.773390877366,6.683565927735581
bandung,2016-04-01,60,99,8599.367162015687,15773.816585113553,6.952862833691701
bandung,2016-04-06,60,99,8575.417719137142,15726.050807647393,6.881736948004452
bandung,2016-04-11,60,99,8574.982261792815,15715.67088381122,6.9009942136743945
bandung,2016-04-16,60,99,8554.848156665363,15683.01270231123,6.920373339359011
bandung,2016-04-21,61,100,8795.67543197853,15982.091210742417,6.825288795041839
bandung,2016-04-26,61,100,9004.711566637412,16209.116496387256,6.78611966522253
bandung,2016-05-01,61,100,9180.240352167599,16411.5687511269,6.775495704432412
bandung,2016-05-06,61,100,9249.329214936473,16615.244923594437,6.93710501985756
bandung,2016-05-11,61,100,9332.948960261114,16738.24325011939,6.957263996153086
bandung,2016-05-16,61,100,9545.934212259617,16980.445483014668,7.031692248929924
bandung,2016-05-21,62,101,9810.803384259987,17397.60639044491,7.097027815391014
bandung,2016-05-26,62,101,9933.442201422778,17614.86580451819,7.1276640577588015
bandung,2016-05-31,62,100,9839.555659801572,17621.518446160873,7.162732272899454
bandung,2016-06-05,62,101,10137.877046106905,18039.45372812544,7.22779649589398
bandung,2016-06-10,62,101,10052.504990877085,17999.08212476336,7.217582647270954
bandung,2016-06-15,62,101,9992.59289054739,18078.428222205388,7.369042393450149
bandung,2016-06-20,62,101,9750.35629527988,18067.08839046993,7.566603226821718
bandung,2016-06-25,62,101,9495.544483338568,17971.815162997264,7.7326930219035885
bandung,2016-06-30,62,102,9375.902889167193,17931.656510496075,7.692875649260658
