lokasi,day,DAT,variable,value,ketidakpastian,catatan,sumber
Sukamandi,2018-01-28,67,DVS,1.0,0.05,"umur berbunga 88 HSS (Tabel 2, MH 2016/2017) = 67 HST","Sujinah, Hairmansis, Sasmita, Nugraha 2020, Penelitian Pertanian Tanaman Pangan 4(2):63-71, doi:10.21082/jpptp.v4n2.2020.p63-71 (Tabel 2, 6, 7, 8, 10; Percobaan II KP Sukamandi MH 2017/2018)"
Sukamandi,2018-03-02,100,DVS,2.0,0.1,umur panen 115-124 HSS (teks) -> ~100 HST; ASUMSI,"Sujinah, Hairmansis, Sasmita, Nugraha 2020, Penelitian Pertanian Tanaman Pangan 4(2):63-71, doi:10.21082/jpptp.v4n2.2020.p63-71 (Tabel 2, 6, 7, 8, 10; Percobaan II KP Sukamandi MH 2017/2018)"
Sukamandi,2017-12-06,14,LAI,0.371,0.022,luas daun/rumpun x 16 rumpun/m2; rata-rata 3 dosis N,"Sujinah, Hairmansis, Sasmita, Nugraha 2020, Penelitian Pertanian Tanaman Pangan 4(2):63-71, doi:10.21082/jpptp.v4n2.2020.p63-71 (Tabel 2, 6, 7, 8, 10; Percobaan II KP Sukamandi MH 2017/2018)"
Sukamandi,2017-12-20,28,LAI,1.611,0.141,luas daun/rumpun x 16 rumpun/m2; rata-rata 3 dosis N,"Sujinah, Hairmansis, Sasmita, Nugraha 2020, Penelitian Pertanian Tanaman Pangan 4(2):63-71, doi:10.21082/jpptp.v4n2.2020.p63-71 (Tabel 2, 6, 7, 8, 10; Percobaan II KP Sukamandi MH 2017/2018)"
Sukamandi,2018-01-28,67,LAI,5.304,0.827,luas daun/rumpun x 16 rumpun/m2; rata-rata 3 dosis N,"Sujinah, Hairmansis, Sasmita, Nugraha 2020, Penelitian Pertanian Tanaman Pangan 4(2):63-71, doi:10.21082/jpptp.v4n2.2020.p63-71 (Tabel 2, 6, 7, 8, 10; Percobaan II KP Sukamandi MH 2017/2018)"
Sukamandi,2018-03-02,100,LAI,3.979,0.665,luas daun/rumpun x 16 rumpun/m2; rata-rata 3 dosis N,"Sujinah, Hairmansis, Sasmita, Nugraha 2020, Penelitian Pertanian Tanaman Pangan 4(2):63-71, doi:10.21082/jpptp.v4n2.2020.p63-71 (Tabel 2, 6, 7, 8, 10; Percobaan II KP Sukamandi MH 2017/2018)"
Sukamandi,2017-12-06,14,TAGP,277.7,29.0,g/m2 x 10 = kg/ha; rata-rata 3 dosis N,"Sujinah, Hairmansis, Sasmita, Nugraha 2020, Penelitian Pertanian Tanaman Pangan 4(2):63-71, doi:10.21082/jpptp.v4n2.2020.p63-71 (Tabel 2, 6, 7, 8, 10; Percobaan II KP Sukamandi MH 2017/2018)"
Sukamandi,2017-12-20,28,TAGP,1177.2,144.3,g/m2 x 10 = kg/ha; rata-rata 3 dosis N,"Sujinah, Hairmansis, Sasmita, Nugraha 2020, Penelitian Pertanian Tanaman Pangan 4(2):63-71, doi:10.21082/jpptp.v4n2.2020.p63-71 (Tabel 2, 6, 7, 8, 10; Percobaan II KP Sukamandi MH 2017/2018)"
Sukamandi,2018-01-28,67,TAGP,10400.4,1870.0,g/m2 x 10 = kg/ha; rata-rata 3 dosis N,"Sujinah, Hairmansis, Sasmita, Nugraha 2020, Penelitian Pertanian Tanaman Pangan 4(2):63-71, doi:10.21082/jpptp.v4n2.2020.p63-71 (Tabel 2, 6, 7, 8, 10; Percobaan II KP Sukamandi MH 2017/2018)"
Sukamandi,2018-03-02,100,TAGP,15538.9,2610.5352000000003,"Tabel 8, dosis 115 N","Sujinah, Hairmansis, Sasmita, Nugraha 2020, Penelitian Pertanian Tanaman Pangan 4(2):63-71, doi:10.21082/jpptp.v4n2.2020.p63-71 (Tabel 2, 6, 7, 8, 10; Percobaan II KP Sukamandi MH 2017/2018)"
Sukamandi,2018-03-02,100,TWSO,5951.0,521.0,"Tabel 10, 115 N, GKG x0.86 -> BK; CV 8.75 %","Sujinah, Hairmansis, Sasmita, Nugraha 2020, Penelitian Pertanian Tanaman Pangan 4(2):63-71, doi:10.21082/jpptp.v4n2.2020.p63-71 (Tabel 2, 6, 7, 8, 10; Percobaan II KP Sukamandi MH 2017/2018)"
